{
  "times": [
    0.0,
    0.04040404040404041,
    0.08080808080808081,
    0.12121212121212122,
    0.16161616161616163,
    0.20202020202020204,
    0.24242424242424243,
    0.2828282828282829,
    0.32323232323232326,
    0.36363636363636365,
    0.4040404040404041,
    0.4444444444444445,
    0.48484848484848486,
    0.5252525252525253,
    0.5656565656565657,
    0.6060606060606061,
    0.6464646464646465,
    0.686868686868687,
    0.7272727272727273,
    0.7676767676767677,
    0.8080808080808082,
    0.8484848484848485,
    0.888888888888889,
    0.9292929292929294,
    0.9696969696969697,
    1.0101010101010102,
    1.0505050505050506,
    1.090909090909091,
    1.1313131313131315,
    1.1717171717171717,
    1.2121212121212122,
    1.2525252525252526,
    1.292929292929293,
    1.3333333333333335,
    1.373737373737374,
    1.4141414141414144,
    1.4545454545454546,
    1.494949494949495,
    1.5353535353535355,
    1.575757575757576,
    1.6161616161616164,
    1.6565656565656568,
    1.696969696969697,
    1.7373737373737375,
    1.777777777777778,
    1.8181818181818183,
    1.8585858585858588,
    1.8989898989898992,
    1.9393939393939394,
    1.97979797979798,
    2.0202020202020203,
    2.060606060606061,
    2.101010101010101,
    2.1414141414141414,
    2.181818181818182,
    2.2222222222222223,
    2.262626262626263,
    2.303030303030303,
    2.3434343434343434,
    2.383838383838384,
    2.4242424242424243,
    2.464646464646465,
    2.505050505050505,
    2.545454545454546,
    2.585858585858586,
    2.6262626262626263,
    2.666666666666667,
    2.707070707070707,
    2.747474747474748,
    2.787878787878788,
    2.8282828282828287,
    2.868686868686869,
    2.909090909090909,
    2.94949494949495,
    2.98989898989899,
    3.0303030303030307,
    3.070707070707071,
    3.111111111111111,
    3.151515151515152,
    3.191919191919192,
    3.2323232323232327,
    3.272727272727273,
    3.3131313131313136,
    3.353535353535354,
    3.393939393939394,
    3.4343434343434347,
    3.474747474747475,
    3.5151515151515156,
    3.555555555555556,
    3.5959595959595965,
    3.6363636363636367,
    3.676767676767677,
    3.7171717171717176,
    3.757575757575758,
    3.7979797979797985,
    3.8383838383838387,
    3.878787878787879,
    3.9191919191919196,
    3.95959595959596,
    4.0
  ],
  "l2_errors": [
    0.002945138909174655,
    0.002988043689352506,
    0.003207971241742912,
    0.003586023839236032,
    0.004100658548690183,
    0.004732708489412798,
    0.0054637851071198005,
    0.006277785690827975,
    0.007159633524549335,
    0.008097919648154386,
    0.009083158476662375,
    0.010110285660694109,
    0.011176372806868663,
    0.012278823870123747,
    0.013413425233306455,
    0.01457266638440778,
    0.015745472071610256,
    0.01691734031639556,
    0.01807243892510808,
    0.019197953144619317,
    0.020286187082568834,
    0.02133010176913779,
    0.02231513028989276,
    0.02321594334503077,
    0.02400672003792973,
    0.024677487876490472,
    0.025243319094883775,
    0.025739077130679643,
    0.026209625274268383,
    0.026700938827606154,
    0.02725924381716907,
    0.027934454981074386,
    0.028781043605287628,
    0.029852746235988454,
    0.03119009271024497,
    0.03280809733896775,
    0.03469379433560592,
    0.03680902800983913,
    0.039103248685432294,
    0.04152423357615142,
    0.04402462969948762,
    0.04656738364028267,
    0.04912399029167462,
    0.05167445668175566,
    0.05420511083716021,
    0.05670734670830242,
    0.059176266783804485,
    0.06160921984285768,
    0.06400640977185233,
    0.06636875884704888,
    0.06869969972421328,
    0.07100244121786783,
    0.07328172229077975,
    0.07554146256895838,
    0.077786458569589,
    0.08002131116686988,
    0.08224998381136281,
    0.08447582680889265,
    0.08670228536610156,
    0.08893236844076378,
    0.09116782404983233,
    0.09341092244749413,
    0.09566304379259094,
    0.09792502022684667,
    0.1001980945223872,
    0.10248263653670589,
    0.1047791340433177,
    0.10708784059921705,
    0.10940909057547518,
    0.11174236301984702,
    0.11408807603267875,
    0.11644586720451948,
    0.11881566904885364,
    0.12119624450711217,
    0.1235887916379066,
    0.1259923931287703,
    0.12840601176603686,
    0.13083014485914155,
    0.13326395027626894,
    0.1357070875480954,
    0.13815854204577283,
    0.14061870749728222,
    0.1430869730975165,
    0.1455620839638881,
    0.1480443891036256,
    0.15053295612732542,
    0.15302759997663143,
    0.15552714822207783,
    0.15803224091657123,
    0.16054152530029475,
    0.1630543436983544,
    0.1655708272558175,
    0.1680904584123572,
    0.17061256463571497,
    0.17313612264774206,
    0.17566171913961162,
    0.1781883723242726,
    0.18071537491467,
    0.18324233033672982,
    0.18576920192342886
  ],
  "relative_errors": [
    0.008013493795286134,
    0.008130233775153308,
    0.008728639811385414,
    0.009757292064896088,
    0.011157573531027809,
    0.012877331165857831,
    0.014866533261960772,
    0.01708136326514826,
    0.019480805358643407,
    0.022033807949697226,
    0.024714567945093715,
    0.02750929672304748,
    0.030410038927857302,
    0.03340972467069656,
    0.0364968804505181,
    0.03965108559661492,
    0.042842206712816584,
    0.0460307609321431,
    0.04917369734731006,
    0.05223612874288229,
    0.055197126532206736,
    0.05803754260563653,
    0.060717728418863415,
    0.06316876606054259,
    0.06532040583957034,
    0.06714552027955366,
    0.06868510144461396,
    0.07003401998276122,
    0.07131434740402472,
    0.07265116349532134,
    0.07417026589261458,
    0.07600745561412771,
    0.0783109765933049,
    0.08122699216333476,
    0.08486579221343811,
    0.08926827252280904,
    0.09439910444941371,
    0.10015446917682538,
    0.10639687307112129,
    0.11298417215745639,
    0.1197875747193558,
    0.1267062086991781,
    0.1336625007021826,
    0.14060213317840908,
    0.14748784741011584,
    0.1542962405132104,
    0.16101396925558184,
    0.16763383583947333,
    0.1741564020165745,
    0.18058417040707356,
    0.18692649268543343,
    0.193192064678113,
    0.19939379586652378,
    0.20554237037034984,
    0.21165085702294348,
    0.2177317274835977,
    0.22379572440365567,
    0.22985207618013315,
    0.23591004587894235,
    0.24197798119962355,
    0.248060510503216,
    0.2541637664461193,
    0.26029157010335513,
    0.266446277506265,
    0.2726311629040421,
    0.2788472109552443,
    0.28509584344965955,
    0.29137765572299273,
    0.2976936066098735,
    0.3040421929847155,
    0.31042462743294924,
    0.3168401526327319,
    0.3232880113208238,
    0.3297654294691397,
    0.3362754253220064,
    0.3428153922922155,
    0.34938267571793935,
    0.3559785552797474,
    0.3626007236546866,
    0.36924833079506936,
    0.37591856696210624,
    0.3826125088395646,
    0.3893283629360744,
    0.3960628355764658,
    0.4028170793319301,
    0.4095883243923003,
    0.4163760627424187,
    0.42317723563145787,
    0.4299933573286388,
    0.4368209586141129,
    0.44365815564587435,
    0.4505051912856673,
    0.45736095303108315,
    0.46422333249272363,
    0.471089776471544,
    0.477961583481279,
    0.4848365118441822,
    0.49171222000248055,
    0.49858795805785605,
    0.5054634716076944
  ],
  "final_l2_error": 0.18576920192342886,
  "final_relative_error": 0.5054634716076944,
  "mean_l2_error": 0.07600338940034713,
  "max_l2_error": 0.18576920192342886
}